1,0,0,1,0,1,0,0,1,1,0,0,0,1,1,1,1,0,0,1,0,0,0,0,1,1,1,1,1,1,0,1,0,0,1,1,1,1,0,0,0,0,1,1,1,0,1,1,0,0,1,1,1,1,1,0,1,1,1,0,1,1,1,0,1,0,0,1,0,1,0,1,0,1,0,1,1,0,1,1,0,1,1,0,0,0,1,1,0,1,1,1,0,0,1,0,1,1,1,0,1
2,0,1,0,1,0,1,1,1,1,0,0,0,1,0,0,1,1,0,1,1,0,0,0,0,1,0,0,0,0,1,1,0,0,1,0,0,0,1,1,0,0,0,1,1,0,1,0,1,1,0,1,1,1,0,1,0,1,0,0,0,0,1,1,1,1,0,1,0,1,0,1,0,0,1,0,1,1,0,1,0,0,1,1,0,1,0,0,1,0,1,1,0,0,1,1,1,1,1,0,0
3,1,1,0,0,0,0,1,0,0,0,1,0,1,0,0,1,0,1,1,1,0,1,1,1,0,0,0,1,0,0,1,1,0,0,0,1,0,0,0,0,0,1,0,1,1,0,1,0,1,0,0,1,0,0,1,0,0,0,0,1,1,1,1,1,1,1,1,1,0,1,0,0,0,0,0,0,0,1,1,0,0,1,0,0,1,1,0,0,0,0,0,0,0,1,0,1,1,0,0,0
4,1,1,1,1,1,1,1,0,1,0,1,0,0,1,1,0,1,1,0,1,0,0,0,0,0,0,1,1,1,1,0,1,0,1,1,1,0,1,1,1,0,1,0,1,0,0,0,0,1,1,1,1,1,0,0,0,1,0,1,0,0,1,0,1,0,1,1,1,0,0,0,0,1,1,0,0,0,0,0,0,1,0,0,1,0,1,1,0,0,0,0,0,1,0,1,1,0,1,0,1
5,1,1,1,1,1,1,1,1,1,1,1,1,1,1,1,1,1,1,1,1,1,1,1,1,1,1,1,1,1,1,1,1,1,1,1,1,1,1,1,1,1,1,1,1,1,1,1,1,1,1,1,1,1,1,1,1,1,1,1,1,1,1,1,1,1,1,1,1,1,1,1,1,1,1,1,1,1,1,1,1,1,1,1,1,1,1,1,1,1,1,1,1,1,1,1,1,1,1,1,1
6,0,1,1,1,0,0,0,1,0,1,1,1,0,0,0,1,0,1,1,0,0,1,1,1,1,0,0,1,0,1,0,1,0,0,1,1,0,1,0,0,1,0,1,0,1,0,0,0,0,0,1,1,0,1,1,1,0,1,0,0,1,1,0,0,1,0,0,1,1,1,1,0,0,0,0,1,1,1,1,0,0,1,1,0,0,1,0,1,0,1,0,1,0,0,0,1,1,1,0,1
7,0,0,1,0,0,1,0,0,1,1,0,0,0,0,1,1,0,0,0,1,1,1,1,1,0,1,0,0,0,1,0,1,0,0,1,0,1,1,0,1,0,1,0,0,0,1,0,0,0,0,0,1,1,0,1,1,0,0,1,1,0,1,1,0,1,0,0,1,0,1,1,0,0,0,1,1,0,0,1,0,0,1,0,0,0,0,1,0,1,1,0,1,0,0,0,1,0,0,1,1
8,1,1,0,0,0,0,0,1,1,1,1,1,1,0,0,1,1,1,1,1,0,1,1,0,0,1,1,1,1,1,1,1,1,1,0,0,1,0,1,1,1,0,0,1,0,1,0,0,0,0,1,0,0,0,1,0,0,1,0,0,0,0,1,0,0,0,1,0,0,1,1,0,1,1,0,1,0,1,1,0,1,1,1,1,1,0,1,0,0,0,1,1,1,1,0,1,1,0,1,1
9,0,1,0,1,1,0,1,1,0,1,1,0,1,0,1,1,1,0,1,1,0,0,0,1,0,0,0,1,0,0,1,1,0,1,0,0,1,1,1,1,1,1,1,1,0,0,0,0,0,0,1,1,1,1,1,0,0,1,0,0,0,0,1,0,1,0,0,1,1,1,0,0,1,1,0,1,1,0,0,1,1,1,0,0,1,1,0,1,1,0,0,0,0,0,1,1,0,1,1,1
10,1,1,0,1,0,0,1,1,1,1,1,0,1,0,1,1,0,0,1,0,0,1,1,0,0,1,0,1,1,1,0,0,0,1,1,0,1,0,0,1,0,1,0,1,1,1,0,0,0,1,1,0,0,1,0,0,1,1,0,1,0,1,1,1,0,1,1,1,0,1,0,0,1,0,1,1,0,1,0,1,1,1,1,1,1,1,0,1,0,0,0,1,0,0,1,1,0,0,1,0
11,0,0,0,0,0,0,0,0,0,0,0,0,0,0,0,0,0,0,0,0,0,0,0,0,0,0,0,0,0,0,0,0,0,0,0,0,0,0,0,0,0,0,0,0,0,0,0,0,0,0,0,0,0,0,0,0,0,0,0,0,0,0,0,0,0,0,0,0,0,0,0,0,0,0,0,0,0,0,0,0,0,0,0,0,0,0,0,0,0,0,0,0,0,0,0,0,0,0,0,0
12,1,0,1,1,1,1,0,0,1,1,1,1,1,0,1,1,0,1,1,1,0,0,1,0,0,0,1,0,0,0,1,0,0,0,1,1,0,0,1,1,0,1,1,1,0,0,1,0,0,1,1,1,0,0,0,0,1,1,0,0,1,1,1,1,0,0,0,0,1,1,1,0,0,1,0,0,1,0,1,1,1,1,0,1,0,1,0,1,1,1,0,1,0,1,1,1,1,0,0,1
13,0,1,1,1,0,0,0,0,1,1,0,0,1,0,1,0,1,0,1,0,1,0,1,1,0,1,1,1,1,0,1,1,1,0,0,1,0,0,0,1,1,0,1,0,1,0,1,0,0,1,1,1,1,0,0,0,0,0,0,0,1,1,0,1,1,1,0,0,1,0,0,1,0,0,1,0,1,0,0,1,0,0,0,1,0,1,0,1,1,1,0,1,1,1,1,1,1,0,0,0
14,0,1,0,1,1,1,1,0,1,1,1,0,1,1,1,0,0,1,0,0,0,0,1,1,1,0,1,1,1,1,0,0,1,0,0,0,0,1,0,0,1,1,0,1,1,1,0,0,1,1,0,1,0,0,1,0,1,1,0,1,1,0,1,0,1,1,0,1,0,0,1,0,0,0,1,0,1,0,1,0,0,1,0,1,0,0,0,1,1,0,0,1,1,0,1,1,1,1,0,1
15,0,0,1,0,0,0,1,0,1,1,1,0,1,0,1,1,0,0,0,0,0,0,0,0,0,0,0,0,1,1,0,1,0,1,0,0,1,1,1,1,0,0,1,0,1,0,0,0,0,0,1,0,1,1,0,1,0,1,1,0,1,0,1,1,1,0,0,0,0,1,0,0,0,1,0,0,0,0,0,1,0,0,1,0,0,0,1,0,0,1,0,1,0,0,1,0,0,0,1,0
16,0,1,0,0,0,0,1,1,0,1,1,1,0,1,1,1,0,1,0,1,0,0,1,0,0,0,0,1,1,1,1,1,1,1,1,0,0,1,0,0,1,0,1,0,0,1,0,0,0,1,0,1,0,1,0,1,1,1,0,0,1,1,0,1,1,0,0,1,1,1,0,0,0,0,1,1,1,1,0,1,1,1,1,0,0,1,0,0,0,1,0,1,0,0,0,0,1,0,1,1
17,1,1,0,1,0,1,0,0,1,0,1,0,1,0,0,1,0,1,1,0,0,0,0,1,0,1,0,1,1,1,0,0,0,0,1,0,0,1,0,0,1,0,0,1,1,0,1,1,0,0,1,1,0,1,0,0,1,1,0,1,0,1,0,1,1,0,0,0,0,1,0,0,0,1,0,1,0,0,0,0,0,1,1,0,1,1,0,1,0,1,0,0,1,1,0,1,1,0,1,0
18,0,1,1,1,0,0,0,1,0,1,0,1,0,1,0,1,1,1,1,1,0,0,1,1,1,0,1,1,1,1,0,1,0,1,1,1,1,1,1,1,1,0,0,0,0,0,0,1,1,0,0,1,0,0,1,1,1,1,0,1,0,0,0,0,1,1,0,1,1,1,0,0,0,1,1,0,1,0,0,0,1,1,1,0,0,0,1,1,1,1,0,0,0,0,0,0,1,1,0,1
19,0,1,1,1,0,0,0,0,1,1,1,1,0,0,0,0,0,1,0,1,0,0,0,0,1,0,1,0,1,1,0,1,0,0,1,0,0,1,1,1,1,1,0,0,1,1,0,0,1,1,0,1,1,1,0,1,1,1,0,0,1,1,0,1,1,0,0,0,1,1,0,1,0,0,0,1,0,0,1,0,1,1,0,1,0,0,0,1,0,0,0,0,1,0,1,1,0,1,0,1
20,0,1,0,0,1,1,0,0,1,0,1,0,0,1,1,0,0,1,0,0,1,1,1,1,0,1,0,1,0,1,0,1,1,1,0,1,0,1,0,0,1,1,1,1,0,0,0,0,1,1,1,1,0,0,0,0,0,1,0,0,0,1,1,1,1,0,0,0,1,1,1,1,1,1,1,1,0,0,0,1,0,0,0,0,1,1,0,1,0,0,1,1,1,1,1,0,0,0,0,0
21,0,1,1,1,0,0,1,1,0,1,0,1,1,0,1,1,0,1,1,1,0,1,0,0,1,0,0,1,0,1,1,1,1,0,1,0,0,1,1,1,1,1,0,1,0,1,0,1,0,1,0,1,1,1,1,0,1,1,0,1,0,1,0,0,1,0,0,1,1,1,0,0,1,0,0,1,1,0,1,1,0,0,0,1,1,0,0,1,0,1,0,0,1,0,1,0,0,0,0,1
22,0,0,1,0,0,0,0,1,0,1,1,0,1,0,0,1,1,0,0,0,1,1,0,1,0,1,0,1,1,0,1,0,0,1,0,1,1,1,1,0,1,1,0,1,0,1,0,1,0,1,0,0,0,0,1,1,0,1,0,1,1,1,1,0,0,0,1,0,0,1,1,0,0,1,0,0,0,0,1,0,0,1,0,0,0,1,0,1,0,0,0,0,0,1,1,1,1,0,1,1
23,0,1,1,0,1,1,0,0,0,1,0,1,0,1,1,1,1,0,1,0,0,1,0,1,1,0,1,1,0,0,0,0,0,0,1,0,1,0,1,0,1,0,1,0,1,1,0,0,0,1,1,1,1,0,0,0,1,0,0,1,0,0,0,1,1,0,0,1,1,0,0,0,1,0,0,1,1,1,1,1,0,0,0,1,1,1,0,1,1,0,0,1,1,1,0,1,0,1,1,1
24,0,0,0,1,1,0,1,0,1,0,0,0,1,1,1,0,1,1,1,1,0,1,0,0,0,1,1,1,0,0,1,1,0,1,0,1,0,1,0,0,1,0,0,0,0,1,1,0,1,1,1,0,0,0,0,0,0,0,0,0,1,1,1,0,0,0,0,0,0,1,1,0,0,1,0,1,1,1,0,1,1,1,1,0,1,0,1,0,0,0,0,1,1,0,1,0,0,0,1,1
25,0,1,0,0,0,0,0,1,1,0,0,1,0,1,0,0,1,1,1,0,1,0,0,1,0,1,0,1,0,0,0,1,1,1,0,0,0,1,1,0,1,0,0,0,1,1,0,1,0,0,1,1,1,0,0,0,1,0,0,0,1,0,0,0,1,1,0,1,1,1,0,1,0,1,0,1,0,0,1,1,1,0,1,1,1,1,0,1,1,0,0,0,1,1,0,1,0,0,0,0
26,1,0,1,0,1,1,1,1,0,1,1,0,1,1,0,1,1,1,1,1,0,0,0,1,0,1,1,1,0,0,0,1,0,0,0,0,1,1,1,0,0,0,0,1,1,0,1,1,1,1,1,1,0,0,1,0,1,1,0,0,0,0,0,1,0,0,0,1,1,0,0,0,1,0,0,1,1,0,1,1,1,1,0,0,1,0,1,1,1,1,0,0,0,1,0,1,1,0,1,1
27,1,1,0,1,1,1,1,0,1,1,1,1,1,1,0,1,0,0,1,1,1,1,1,1,0,0,0,0,1,1,1,0,0,1,0,0,0,1,0,1,1,1,1,1,0,1,0,0,1,1,0,1,0,1,1,0,0,0,0,0,1,0,0,0,0,0,1,1,0,1,1,0,0,0,1,1,1,1,0,1,0,1,1,1,1,0,1,1,1,0,0,1,0,1,0,1,1,0,0,0
28,1,0,1,0,1,1,1,0,0,1,1,1,0,1,1,1,0,0,1,0,1,0,1,0,0,0,0,1,0,1,1,0,1,1,0,1,0,1,1,1,0,0,0,0,1,0,1,0,0,1,0,0,1,1,1,0,0,1,1,0,0,1,1,1,1,0,0,0,0,0,0,1,0,1,0,1,0,0,1,1,0,1,1,0,0,0,1,1,1,0,0,0,0,1,1,0,0,1,1,1
29,0,0,1,0,0,0,1,1,1,1,1,0,1,1,1,0,0,0,1,0,0,0,0,1,0,0,1,1,1,1,1,1,1,0,1,0,0,1,1,0,0,0,1,1,0,1,0,0,0,0,0,1,0,1,1,0,1,1,1,0,1,0,1,1,1,1,0,1,1,1,0,1,0,0,1,1,1,0,0,0,0,1,0,1,0,1,0,1,1,1,0,1,0,0,1,0,0,1,1,1
30,1,0,1,1,1,0,0,0,0,0,0,1,1,1,1,1,1,1,1,1,1,0,0,0,1,1,0,1,0,0,0,1,1,0,1,0,0,0,0,1,1,1,1,1,1,0,1,0,1,0,0,0,1,0,0,1,0,1,0,0,0,1,0,1,0,1,1,1,1,0,1,0,0,1,0,1,1,0,1,0,1,1,0,1,0,1,0,1,1,1,1,0,0,0,0,1,1,0,1,1
31,0,1,0,0,1,0,1,1,0,1,0,1,1,0,0,1,1,0,0,0,0,0,0,1,0,0,1,1,1,0,1,1,1,0,0,1,0,1,0,0,0,1,0,1,1,1,0,1,1,1,1,1,0,1,0,1,1,1,0,0,1,0,1,1,1,0,0,0,0,1,1,0,0,1,1,0,1,0,0,1,0,1,0,0,0,1,1,0,0,1,0,1,1,0,1,1,1,1,0,1
32,0,1,1,0,1,0,1,0,0,0,0,0,1,0,0,1,0,0,1,1,1,1,0,1,0,1,1,1,0,1,0,0,1,0,1,0,1,1,0,1,1,1,1,1,0,0,1,0,0,0,0,1,1,0,0,1,1,1,0,1,1,0,0,0,1,1,1,1,1,0,1,0,0,1,1,1,0,1,0,1,0,1,1,0,0,0,0,1,0,1,0,1,1,0,1,0,1,1,0,0
33,0,0,0,1,0,0,1,1,0,1,0,1,0,1,1,1,0,1,1,0,0,0,0,1,0,1,1,0,1,1,0,1,0,0,1,1,1,1,0,1,0,0,0,1,0,0,0,0,0,0,1,0,1,0,0,0,0,1,0,0,1,0,0,1,1,0,0,1,0,1,1,0,1,1,0,1,0,1,1,1,1,0,0,0,0,0,0,0,1,1,0,0,1,0,0,1,0,1,0,0
34,0,1,0,0,0,0,0,0,1,1,0,0,1,1,0,1,1,1,0,0,1,1,1,1,0,1,0,1,1,1,1,0,1,0,0,0,0,1,0,1,1,1,1,0,1,1,0,1,0,1,0,0,0,0,0,1,1,0,0,1,0,1,0,1,1,0,1,0,1,0,0,1,1,0,0,1,0,0,0,1,0,0,0,0,0,1,1,1,0,0,1,0,1,1,0,1,0,0,0,1
35,1,1,1,0,1,0,1,0,1,0,1,1,1,0,1,0,0,0,0,1,1,0,0,0,1,0,1,0,0,1,0,0,1,0,0,0,1,1,0,1,0,0,1,1,1,0,0,0,1,0,0,0,1,1,0,1,0,0,0,1,0,0,0,0,0,0,1,1,0,0,0,0,0,1,1,0,0,0,0,0,1,1,0,1,1,0,0,0,0,1,0,0,0,0,1,1,1,0,0,0
36,0,1,0,1,0,1,1,0,1,0,0,0,0,1,1,0,1,1,0,1,1,1,1,1,0,0,1,1,1,0,1,0,1,1,0,0,1,1,0,1,1,1,1,1,0,1,0,0,1,1,0,1,0,0,1,0,0,1,1,0,1,0,1,0,0,1,0,0,1,1,0,0,1,1,0,1,1,0,1,1,0,1,1,0,1,1,0,1,0,0,1,1,1,1,1,0,0,0,0,0
37,0,1,0,1,0,0,0,1,0,1,1,0,1,0,0,0,1,0,1,1,0,1,0,1,1,0,0,1,1,1,1,1,1,1,0,0,0,1,0,1,1,0,1,1,0,0,0,0,1,1,0,1,0,0,0,1,0,1,1,1,0,1,0,0,1,0,0,0,1,1,0,0,1,1,1,0,0,1,1,1,1,0,1,0,1,0,0,0,1,1,0,1,0,0,0,0,1,1,0,1
38,0,0,0,0,0,1,1,0,1,1,1,1,1,1,1,1,1,0,0,1,1,1,0,1,1,0,0,1,0,0,1,1,0,1,0,0,0,1,1,1,1,1,0,0,1,0,0,1,0,0,1,1,0,0,0,1,1,0,0,1,1,0,1,1,0,1,0,0,1,0,0,0,0,1,0,0,0,0,0,1,0,1,0,0,1,0,1,1,0,0,0,1,0,1,1,1,1,0,0,0
39,0,1,1,0,0,0,1,0,1,1,1,1,0,0,1,0,0,0,0,0,1,0,1,0,0,0,1,0,1,0,1,1,0,1,0,0,1,1,1,0,0,1,1,0,0,1,1,1,1,0,0,0,1,1,0,1,0,1,0,0,1,1,1,0,1,0,0,1,0,1,1,0,1,1,0,0,0,0,1,1,1,1,0,0,1,1,1,0,0,0,0,1,1,0,0,1,0,1,1,1
40,0,0,1,1,0,0,1,0,1,0,0,0,1,1,1,0,1,0,0,0,1,1,1,1,0,0,1,0,0,0,0,0,0,1,1,0,0,0,0,1,1,1,1,1,0,1,1,0,1,1,0,0,0,0,1,0,1,0,0,1,1,0,0,1,0,0,0,0,1,0,0,0,1,1,0,1,0,0,1,0,0,1,1,0,0,1,1,1,1,0,0,1,1,1,1,1,1,0,0,0
41,0,0,0,0,1,1,0,1,0,1,0,1,1,0,1,1,0,0,1,0,0,1,1,0,1,1,0,1,1,0,1,0,1,1,0,0,1,1,0,1,0,1,1,1,0,0,0,0,0,0,1,0,0,0,0,1,0,0,0,0,1,0,1,1,0,0,1,0,0,1,0,0,0,1,1,1,0,0,0,1,1,1,1,0,1,1,1,0,0,0,1,0,1,0,1,1,1,1,0,0
42,1,1,0,0,1,1,0,0,0,0,0,1,1,1,1,1,1,1,1,0,0,1,1,0,0,1,1,0,0,0,0,1,1,1,0,0,0,0,0,0,0,0,1,1,1,0,1,1,1,0,1,0,1,0,1,1,1,0,0,1,0,0,1,0,1,1,0,1,0,1,1,0,1,1,0,1,1,1,1,0,1,1,1,1,1,1,1,1,0,0,0,1,0,1,1,1,1,0,0,1
43,1,1,0,1,0,1,0,0,0,0,1,0,1,1,1,1,0,1,0,0,0,1,0,1,1,1,0,1,1,0,0,1,1,0,0,0,1,0,1,0,1,1,1,1,0,0,0,1,1,1,0,0,1,1,1,1,1,1,0,1,0,1,0,0,0,0,1,1,1,0,1,0,0,0,1,1,0,0,1,1,1,1,0,1,0,1,1,1,1,1,1,1,0,0,0,1,1,0,1,0
44,0,0,0,0,0,0,1,1,1,1,1,1,1,1,1,1,0,1,1,0,0,1,0,0,0,1,1,1,1,1,1,1,1,0,1,1,1,1,0,0,1,1,0,0,0,1,0,0,0,0,1,0,1,0,0,1,1,1,0,0,1,1,1,0,1,0,0,0,1,1,0,1,1,1,1,1,0,0,1,1,0,0,0,0,0,0,0,1,1,0,0,1,0,0,0,1,0,0,1,0
45,1,1,0,1,0,0,0,1,0,1,1,0,1,1,0,1,1,1,0,0,1,0,0,1,1,0,0,0,0,1,1,0,0,1,0,1,1,1,0,0,0,0,1,1,0,1,1,0,1,1,1,1,0,1,1,0,0,0,0,1,1,1,0,0,0,0,0,1,0,0,0,0,1,0,0,0,1,0,0,1,1,1,0,1,1,1,1,1,0,1,0,0,1,0,0,1,1,1,1,0
46,0,1,1,0,1,0,0,1,1,0,1,1,1,1,1,1,1,1,1,1,0,1,0,1,1,1,0,0,0,0,1,1,0,0,0,0,1,0,1,1,0,1,0,1,1,0,0,1,1,0,1,0,0,0,1,0,0,0,0,1,1,0,0,0,0,0,1,1,1,0,1,0,0,1,1,0,0,0,1,1,1,1,1,0,1,1,0,0,0,0,1,1,0,0,0,1,1,1,0,0
47,0,1,0,1,1,1,1,0,1,0,0,1,0,0,1,1,1,0,0,1,1,1,1,1,0,0,1,0,1,1,0,0,1,1,1,0,0,1,0,1,1,0,0,0,1,0,0,1,0,0,0,0,1,0,0,0,0,0,0,0,0,0,1,1,0,0,0,1,1,0,0,0,1,1,0,0,0,1,0,1,0,0,0,0,1,1,0,1,1,1,0,0,0,1,0,1,0,1,1,0
48,0,0,0,1,0,0,0,1,0,1,0,0,1,1,1,1,0,1,0,0,0,0,0,0,1,1,1,1,0,1,0,1,1,1,1,0,0,1,0,0,1,0,0,0,0,0,0,0,1,1,1,1,0,1,1,0,1,1,0,1,0,0,0,0,1,0,0,0,0,1,0,1,1,0,0,1,1,1,0,0,0,1,0,1,1,1,0,1,0,0,0,0,1,0,0,1,0,0,0,1
49,0,1,1,0,1,0,0,1,1,1,1,0,1,0,0,0,0,0,0,0,0,1,1,0,1,0,1,1,1,0,0,1,1,0,1,1,1,1,0,0,1,1,0,0,0,1,0,1,0,0,1,1,1,1,1,0,0,1,0,1,1,0,0,1,1,1,0,1,0,1,0,0,1,0,0,1,1,0,1,1,0,1,1,0,0,0,1,0,1,1,0,0,1,0,1,1,1,1,1,1
50,0,1,1,1,0,0,1,0,0,1,1,0,1,1,1,0,1,1,0,0,1,0,0,1,0,1,1,0,1,1,0,1,0,1,0,0,1,0,1,0,0,0,0,0,0,0,1,1,0,0,0,0,0,0,0,1,0,1,0,1,0,0,1,0,1,0,0,1,0,1,1,0,0,0,1,1,0,0,1,1,0,1,1,0,0,0,0,1,1,1,1,0,1,1,1,1,1,1,1,1
51,1,1,1,1,1,0,1,0,0,1,0,1,1,0,1,0,0,1,0,1,0,0,1,1,1,1,1,1,0,0,0,1,1,0,0,1,0,1,0,1,1,0,1,1,0,1,0,1,0,0,1,1,0,0,0,0,0,0,0,0,0,0,1,0,0,0,0,1,1,0,0,1,0,1,0,0,0,1,0,1,0,0,1,1,0,0,0,1,1,1,1,1,0,1,1,0,0,0,0,0
52,1,0,1,1,0,1,1,0,0,1,1,1,0,0,0,1,0,0,1,1,0,1,1,1,0,0,1,1,1,0,0,1,1,0,1,1,0,0,0,1,1,1,0,0,0,1,0,1,1,0,1,0,1,0,0,1,0,0,1,0,0,1,1,1,0,0,1,0,1,0,0,0,1,1,1,1,0,0,0,1,0,1,0,0,1,0,0,1,0,0,0,1,0,1,1,1,1,1,0,0
53,1,1,0,1,1,1,0,0,1,1,1,0,0,0,1,0,0,0,0,1,1,0,1,1,0,0,0,1,1,1,1,1,0,0,1,1,0,1,1,0,1,0,1,0,1,0,1,0,1,0,0,1,1,0,0,1,1,1,0,1,1,1,1,1,1,0,1,0,1,0,0,0,0,0,1,1,1,0,1,1,0,0,1,0,1,1,0,1,0,0,1,0,1,0,1,1,0,1,1,0
54,0,1,1,0,1,1,0,0,0,1,0,1,1,1,1,0,0,1,0,0,0,0,1,1,1,1,0,0,0,1,1,0,0,1,1,0,0,0,1,1,1,1,0,1,1,1,1,1,1,1,1,1,1,0,0,1,1,1,0,1,0,1,1,0,1,1,1,1,0,0,0,0,0,1,0,0,1,0,1,0,0,1,1,1,1,0,0,0,1,0,1,0,0,0,0,1,1,1,1,0
55,1,1,0,0,0,0,0,1,1,1,1,1,1,0,1,1,0,0,1,1,1,1,1,1,0,0,0,1,0,1,0,1,0,1,1,1,0,1,1,1,1,1,0,0,1,0,0,0,0,0,0,1,0,0,1,1,1,1,1,1,1,0,0,0,0,0,1,1,1,1,0,1,0,1,0,0,0,0,0,0,1,0,1,0,1,0,0,1,1,1,0,1,1,0,1,0,0,0,0,1
56,0,1,0,1,1,1,1,1,0,1,0,1,1,1,1,1,0,1,0,1,0,0,1,0,0,1,0,1,0,1,1,1,1,0,0,1,0,1,1,1,1,0,1,0,1,1,1,0,1,0,1,1,0,0,0,0,0,1,1,1,1,1,1,0,1,0,0,1,1,1,1,0,0,1,0,1,1,1,0,0,0,1,0,1,0,0,0,0,1,0,1,1,0,1,1,1,1,1,1,1
57,0,1,0,0,0,0,0,0,1,1,0,1,1,0,1,0,1,0,1,0,0,0,0,0,1,0,0,1,0,1,1,0,0,0,1,0,0,1,0,0,1,1,1,1,1,0,0,1,1,0,0,1,0,1,1,1,0,1,1,0,0,1,1,0,1,0,1,0,0,0,0,1,1,1,0,1,0,0,1,1,0,1,0,0,1,1,1,1,0,0,0,0,0,0,0,0,1,0,1,0
58,1,1,1,0,0,0,1,0,1,0,0,1,1,1,1,1,0,1,1,0,0,1,1,1,0,0,0,1,0,1,1,0,1,1,0,1,1,1,1,1,1,0,1,1,0,0,0,1,0,1,1,1,0,0,1,1,0,1,1,0,1,0,1,0,0,1,1,1,1,1,0,1,1,0,0,1,0,1,0,1,0,1,1,0,0,0,0,1,1,0,0,1,0,1,0,0,1,0,0,0
59,0,1,1,0,1,1,1,1,1,1,1,0,1,0,0,0,1,0,1,1,1,0,0,0,1,1,1,1,0,0,0,1,0,0,1,0,0,1,1,0,1,1,0,0,1,1,1,1,1,0,1,0,0,0,0,0,0,0,1,1,1,0,0,0,1,1,0,0,1,1,0,1,0,1,0,1,0,1,0,1,1,0,1,1,0,0,1,0,1,1,1,1,0,0,0,0,1,1,1,0
60,1,0,0,1,1,0,1,0,0,1,1,0,1,0,0,0,0,1,0,1,0,1,0,0,0,1,1,0,0,1,1,1,1,0,1,0,1,1,0,1,0,1,0,1,0,0,0,0,0,1,1,1,1,0,1,0,0,1,0,1,1,1,0,0,1,1,1,1,1,1,0,0,1,0,0,0,0,1,0,0,0,1,1,1,1,0,0,1,1,0,0,1,1,0,1,0,1,1,0,1
61,0,1,0,0,1,0,1,1,1,1,1,1,1,1,0,1,1,0,1,1,0,0,0,1,1,1,1,1,1,1,1,1,0,1,1,0,0,1,1,1,0,1,0,0,1,0,0,0,1,0,1,1,0,1,1,1,0,1,0,1,1,1,1,0,1,1,0,1,1,1,1,0,1,1,1,0,0,1,0,1,0,1,0,0,1,1,1,0,1,0,0,1,1,0,0,1,0,1,0,0
62,0,1,0,1,0,0,0,0,0,0,0,0,1,1,1,0,0,0,1,1,0,0,0,0,1,0,1,1,1,0,0,1,0,0,0,0,1,1,1,1,0,1,0,1,1,0,1,0,1,1,1,0,0,1,0,1,0,1,0,1,0,0,0,0,0,1,0,1,0,1,1,0,0,0,1,1,1,1,1,0,0,1,1,1,0,1,1,0,0,1,0,1,0,1,1,1,1,0,0,1
63,0,1,1,1,0,1,0,0,1,1,1,0,0,0,0,1,0,1,0,1,0,1,0,1,1,1,0,1,1,1,1,0,1,1,0,0,0,1,1,0,1,1,1,1,1,0,0,0,1,0,1,0,1,0,1,1,1,0,1,0,0,1,0,0,1,1,1,0,0,1,0,0,1,0,1,1,0,0,0,1,0,0,1,0,1,1,0,1,0,1,0,0,0,0,0,1,1,1,1,0
64,0,0,0,1,1,0,1,0,0,1,1,0,0,0,1,0,1,0,0,1,0,0,1,1,0,0,1,0,1,1,0,1,0,1,0,1,0,1,0,0,0,0,1,1,1,0,0,1,0,1,0,1,1,0,0,0,1,1,1,1,0,1,1,1,1,1,0,0,1,1,0,1,0,1,1,0,0,1,1,1,1,0,1,0,0,0,1,0,0,1,0,1,1,0,0,1,0,0,1,1
65,0,0,1,1,0,0,1,0,0,1,0,0,0,0,0,1,1,1,1,1,1,0,1,1,1,0,1,0,1,0,0,0,0,1,0,1,0,1,1,0,1,1,1,1,0,0,1,1,1,1,0,1,0,0,1,1,0,0,0,1,0,1,1,0,0,0,1,1,0,1,0,1,1,0,0,0,0,1,1,1,0,1,1,1,0,1,1,1,0,0,1,0,0,0,1,0,0,1,0,1
66,1,1,1,1,0,0,1,1,0,1,0,0,1,0,1,1,0,1,1,1,1,0,0,1,1,0,0,1,0,1,1,0,0,1,0,1,0,0,1,1,0,0,0,1,0,1,0,1,0,1,1,0,1,1,0,0,1,1,0,0,1,1,1,0,0,1,1,0,1,1,1,0,1,1,1,1,0,1,0,1,1,1,1,1,1,1,0,1,0,0,1,1,0,1,1,1,1,0,0,1
67,0,0,0,0,0,1,1,0,0,0,0,0,0,1,0,0,1,1,1,1,1,0,0,1,1,1,0,1,1,0,0,1,0,0,1,1,0,1,1,1,0,0,1,1,1,1,1,1,1,0,1,1,1,0,0,1,0,1,0,0,1,0,0,1,1,1,0,0,0,1,1,0,0,0,0,1,1,1,1,0,0,1,0,1,1,0,0,0,1,1,1,1,0,0,1,1,1,0,1,0
68,0,1,1,1,1,0,1,1,1,1,1,0,1,0,0,1,0,1,0,1,0,1,0,1,1,0,1,1,1,1,0,1,1,1,1,1,0,1,0,1,1,0,0,1,0,1,0,1,1,1,1,1,0,0,1,0,0,1,1,0,1,0,1,1,1,1,0,0,1,1,0,0,0,0,0,0,1,0,1,0,1,0,0,1,0,1,0,1,0,1,0,1,1,0,1,1,0,1,1,1
69,1,1,0,1,1,0,0,0,0,1,1,0,1,1,0,0,1,1,0,1,0,1,0,0,0,0,0,1,0,0,1,1,1,1,0,0,1,0,1,1,0,1,0,0,0,0,0,1,1,1,0,0,1,1,0,0,1,1,1,0,0,1,0,1,1,1,0,1,0,0,0,1,1,0,1,1,0,0,0,1,1,0,1,0,0,1,0,0,0,0,0,0,1,0,1,0,1,0,1,1
70,0,1,1,1,0,0,0,1,1,1,1,1,1,0,1,0,1,0,1,0,0,1,0,0,0,0,0,1,1,0,1,1,0,1,1,0,0,1,1,1,1,1,1,0,0,1,0,0,1,1,1,1,0,1,0,1,1,1,0,0,0,1,0,1,1,1,0,1,1,1,0,0,1,0,1,0,1,1,0,1,0,0,1,0,0,1,0,1,0,0,0,0,0,0,0,1,0,1,0,1
71,0,1,1,1,1,0,1,1,1,1,0,0,1,0,1,0,1,1,1,0,0,0,1,0,0,0,1,1,0,0,0,1,0,1,1,0,1,1,0,0,1,0,0,0,1,0,0,0,1,0,1,1,0,0,0,1,1,1,0,0,0,0,0,0,1,0,0,1,1,1,1,0,1,1,1,0,0,0,0,0,1,1,0,0,0,0,0,1,0,0,0,0,0,0,1,1,0,1,0,0
72,0,0,0,1,0,0,1,0,1,0,1,0,0,0,0,1,0,1,1,0,1,0,0,1,1,1,1,1,0,1,1,1,1,1,0,0,1,1,1,0,0,0,1,1,0,0,0,0,0,0,0,1,1,0,1,1,0,0,0,1,1,1,0,1,0,0,0,1,1,1,0,0,1,0,0,1,1,1,1,1,0,0,1,0,1,1,0,1,0,0,0,1,0,0,0,0,0,1,1,1
73,0,1,1,0,1,0,1,0,0,1,0,0,1,0,1,1,1,0,1,0,1,1,0,1,1,0,1,1,1,0,0,1,1,0,1,1,1,1,1,0,1,0,1,0,0,1,0,1,1,0,0,1,0,0,0,1,1,1,0,0,0,0,0,1,1,0,1,1,1,1,1,0,1,1,1,0,0,0,0,1,0,1,1,1,0,0,0,1,0,1,1,0,0,1,1,1,0,0,0,0
74,0,1,1,0,1,1,0,0,1,1,1,0,1,1,1,1,1,1,1,0,1,0,1,1,0,0,1,1,0,0,1,0,0,1,1,0,0,0,0,1,1,0,1,1,1,1,0,1,0,1,1,1,1,0,1,0,0,0,1,1,0,1,1,1,0,0,0,1,1,1,0,1,1,1,1,1,0,1,0,1,0,1,1,0,1,0,0,1,0,1,1,0,1,0,1,0,1,0,1,0
75,1,1,1,0,0,0,0,1,1,1,0,0,0,0,0,1,1,1,1,0,0,0,1,0,0,0,0,1,1,0,1,1,1,1,0,0,1,1,0,1,1,1,1,0,0,1,0,0,0,1,1,1,1,1,0,1,0,1,1,0,1,0,0,0,1,0,0,1,1,1,1,1,1,0,0,1,0,0,0,0,0,0,1,0,0,1,0,1,0,0,0,1,0,0,0,1,0,0,0,1
76,0,1,1,0,0,0,0,0,1,1,0,1,0,1,1,1,1,1,0,0,0,0,0,1,1,1,0,1,0,0,0,1,1,0,1,0,0,1,1,1,1,0,1,0,1,0,1,1,1,1,0,1,1,0,0,1,1,0,1,0,1,1,0,1,0,1,0,1,1,0,1,0,0,0,1,1,1,1,1,1,0,1,0,0,0,1,0,1,0,0,1,1,1,0,0,0,0,1,0,1
77,0,0,0,0,0,0,1,1,1,0,1,0,1,0,1,1,1,1,1,0,1,0,1,1,0,1,0,1,0,1,0,0,1,0,1,0,0,0,0,0,0,0,0,1,0,1,0,0,1,0,0,1,1,0,1,1,1,0,0,0,1,1,1,0,0,0,1,0,1,0,1,0,1,1,0,1,1,0,1,0,1,1,0,1,1,1,1,1,1,0,1,1,0,1,1,1,1,0,1,1
78,0,0,1,1,1,0,0,0,1,0,1,0,1,1,0,0,0,0,1,0,0,0,0,0,0,0,1,1,1,0,0,1,0,1,1,0,0,1,1,1,0,1,0,1,1,0,0,1,1,0,0,0,1,1,0,1,1,0,0,0,1,1,0,0,0,1,0,1,0,1,0,0,1,0,1,1,1,0,1,1,1,1,1,1,1,1,0,1,0,0,1,1,0,1,1,1,1,0,0,1
79,1,1,0,1,0,0,0,1,0,0,1,0,1,0,0,1,0,1,0,1,1,1,1,0,0,0,0,1,1,0,1,1,0,1,1,0,1,1,1,1,1,1,0,1,0,0,0,0,0,1,1,1,1,1,1,1,1,1,0,1,0,0,1,1,1,0,1,1,1,0,1,0,1,1,0,0,1,0,0,0,1,1,1,0,1,0,0,0,0,0,0,0,1,1,1,1,1,1,1,0
80,1,1,0,0,0,1,0,0,0,1,0,0,1,0,0,0,0,1,0,0,1,0,0,1,1,1,1,1,0,1,0,1,0,0,1,0,1,1,1,0,1,0,1,0,0,1,1,1,1,1,1,1,0,0,0,1,1,0,0,1,1,1,1,0,0,1,0,0,1,0,1,1,0,0,0,1,0,0,1,1,0,0,0,1,1,0,0,1,1,0,1,0,1,0,1,1,0,1,0,0
81,0,1,1,0,1,1,1,0,0,0,0,1,1,0,1,1,0,0,1,1,1,1,0,1,0,0,1,0,0,1,1,0,1,1,1,1,1,1,1,1,1,0,1,1,1,1,0,0,1,1,0,1,1,0,1,0,0,0,0,0,0,0,1,1,1,0,0,0,0,1,0,0,0,0,0,0,0,0,1,1,1,1,1,0,0,1,0,1,0,1,1,1,0,1,0,1,1,1,1,0
82,0,0,1,0,0,1,1,0,0,1,0,0,0,1,0,0,0,0,0,0,0,0,1,1,1,1,0,0,0,0,1,1,1,1,1,1,1,1,0,0,1,1,1,0,1,1,0,0,0,1,0,0,0,0,1,1,1,1,0,0,0,0,0,0,0,0,1,1,0,0,0,1,1,1,0,1,1,0,1,1,0,0,1,0,0,1,0,1,0,1,0,0,1,0,1,0,0,0,0,1
83,0,1,0,1,0,0,1,0,0,1,0,0,1,1,0,0,0,1,0,1,0,0,1,1,0,1,0,1,1,0,1,1,0,0,0,1,0,1,0,1,1,0,0,0,0,0,0,0,0,1,1,1,1,0,1,0,0,1,1,1,1,1,1,1,0,0,1,1,1,1,0,1,0,0,1,1,1,1,0,0,0,0,0,1,1,1,0,1,0,1,0,0,0,0,1,0,1,1,0,0
84,0,1,1,0,0,0,0,0,0,1,0,1,0,0,1,0,0,1,1,0,1,0,0,1,0,0,0,1,1,0,1,0,1,0,0,0,1,1,0,0,1,1,0,0,0,1,0,1,1,0,1,1,1,0,0,0,0,0,1,0,0,0,0,0,1,0,0,0,1,1,1,0,1,1,1,0,1,0,0,1,0,1,0,1,0,1,0,1,0,1,1,0,1,0,1,1,1,1,0,0
85,0,0,0,0,0,0,0,0,0,0,0,0,0,0,0,0,0,0,0,0,0,0,0,0,0,0,0,0,0,0,0,0,0,0,0,0,0,0,0,0,0,0,0,0,0,0,0,0,0,0,0,0,0,0,0,0,0,0,0,0,0,0,0,0,0,0,0,0,0,0,0,0,0,0,0,0,0,0,0,0,0,0,0,0,0,0,0,0,0,0,0,0,0,0,0,0,0,0,0,0
86,1,1,1,0,0,0,0,0,1,1,0,0,1,1,1,0,0,1,0,0,1,1,0,1,0,0,1,1,1,0,0,0,1,1,1,1,1,1,1,1,1,1,0,0,0,1,0,0,0,0,0,1,0,0,1,1,0,0,1,1,0,0,0,1,1,1,0,1,1,1,0,1,0,0,0,1,0,1,0,1,0,0,1,1,1,0,0,1,1,1,0,1,0,1,0,0,1,0,0,0
87,0,1,1,0,1,1,1,0,0,1,0,1,0,1,0,0,0,0,0,1,0,1,0,1,1,0,0,0,1,0,1,1,1,1,1,0,1,0,0,1,0,0,0,0,0,0,1,1,1,1,1,0,1,0,1,1,0,1,0,0,0,1,0,1,0,1,1,1,1,0,1,0,1,0,0,1,0,1,1,1,0,1,1,0,0,1,1,1,1,1,1,0,1,0,1,1,1,1,1,0
88,1,0,1,1,1,0,1,0,0,1,1,1,1,0,0,0,0,0,1,0,0,0,0,0,1,1,0,1,0,0,0,0,1,1,1,0,1,0,1,0,1,0,0,1,1,1,1,1,1,1,1,0,0,1,1,0,1,1,0,1,1,0,1,0,0,1,1,1,0,1,0,0,1,1,1,1,0,0,1,0,1,1,0,1,1,0,0,1,1,1,1,1,1,1,1,1,1,1,1,1
89,0,1,0,0,0,0,1,1,1,1,1,1,1,1,0,1,0,0,0,0,0,1,0,0,1,1,0,1,1,1,1,1,0,1,1,1,0,1,1,1,1,0,0,1,0,1,0,0,0,1,0,1,0,0,0,0,1,1,0,0,0,1,1,1,1,1,0,1,1,1,1,0,0,1,1,1,0,1,1,0,1,1,0,0,0,0,0,0,0,1,0,0,1,0,1,0,1,0,0,0
90,0,0,0,1,1,0,0,0,1,0,0,1,1,0,1,0,1,0,0,0,1,0,1,1,0,1,1,0,1,1,0,1,1,1,0,0,1,1,1,1,1,1,0,1,0,0,1,0,0,0,0,1,1,1,0,1,1,1,0,1,0,1,1,1,1,1,0,0,1,1,0,0,1,0,1,1,0,0,1,1,1,1,1,0,0,0,1,0,0,1,1,0,1,1,1,1,1,0,1,0
91,0,1,0,1,1,0,0,0,1,1,1,1,1,1,1,1,0,0,1,1,0,0,0,0,0,1,0,0,0,1,0,1,0,1,0,0,1,1,0,0,1,0,0,0,1,1,0,0,0,0,1,0,0,0,0,0,1,1,0,0,0,0,0,1,1,1,0,1,1,1,1,0,1,0,0,1,0,0,1,1,1,0,0,1,0,0,1,1,1,0,0,0,0,0,1,0,1,0,0,1
92,1,0,0,0,0,1,0,0,0,1,1,0,1,1,0,1,1,0,0,1,0,1,1,1,0,0,1,0,0,1,0,1,1,0,0,1,1,1,0,0,1,0,0,1,0,1,1,1,0,0,0,1,0,1,0,0,1,0,0,1,1,0,0,0,1,0,1,0,1,1,1,0,0,0,1,1,0,0,1,0,1,1,0,1,1,0,1,0,0,1,0,1,0,0,0,1,1,1,0,1
93,0,0,1,1,1,0,1,0,0,1,0,0,1,1,1,0,1,1,1,1,0,1,0,0,1,1,0,1,1,1,0,1,1,1,1,0,0,0,0,0,1,1,1,1,0,1,1,0,1,0,1,1,0,0,1,1,0,0,0,1,0,1,1,0,0,1,0,1,0,0,1,0,1,0,1,0,1,1,1,0,1,1,0,0,0,0,0,1,0,0,0,0,0,1,1,1,1,0,0,1
94,0,1,0,1,1,0,1,0,1,1,0,1,1,1,0,0,1,0,0,1,0,0,1,1,1,0,1,1,1,1,1,1,1,0,0,1,0,1,0,1,1,1,0,0,1,0,0,0,1,0,1,1,0,0,0,0,1,1,0,0,1,0,0,1,1,1,0,1,1,1,1,0,0,0,0,0,0,1,0,0,1,1,0,1,1,1,0,1,0,1,0,1,1,0,0,0,0,1,1,1
95,0,1,0,0,1,0,0,0,0,1,1,1,0,0,0,0,0,0,1,1,0,1,0,0,0,1,0,1,0,1,1,1,0,0,0,1,0,1,1,1,0,0,0,1,0,1,0,1,1,1,1,0,1,0,0,0,0,1,0,0,0,0,0,1,1,1,0,1,0,1,1,0,1,1,0,0,1,1,0,1,0,1,1,1,1,0,0,1,0,0,0,0,1,0,0,0,1,0,0,1
96,1,0,1,0,1,0,0,0,1,0,1,0,1,0,0,1,0,0,0,0,0,1,1,0,0,1,0,1,1,0,0,1,0,1,1,0,1,1,0,0,0,1,1,1,0,0,1,1,0,0,0,1,1,1,1,0,1,0,0,1,1,1,0,0,1,0,1,1,1,1,0,0,1,0,0,0,0,1,1,0,1,1,0,1,0,1,0,0,1,1,1,1,1,0,1,1,1,0,0,1
97,0,1,1,0,0,0,1,0,0,0,1,1,1,0,1,0,1,1,1,1,0,1,1,1,0,1,0,0,0,1,0,1,0,0,1,1,0,0,0,0,1,0,1,1,0,1,1,0,1,1,1,0,1,0,1,1,1,1,1,0,1,0,1,0,1,0,1,0,0,0,0,0,1,1,0,0,1,0,0,1,0,0,0,1,0,1,1,1,1,0,0,0,0,1,0,1,0,1,1,0
98,1,1,1,1,1,1,1,1,1,1,1,1,1,1,1,1,1,1,1,1,1,1,1,1,1,1,1,1,1,1,1,1,1,1,1,1,1,1,1,1,1,1,1,1,1,1,1,1,1,1,1,1,1,1,1,1,1,1,1,1,1,1,1,1,1,1,1,1,1,1,1,1,1,1,1,1,1,1,1,1,1,1,1,1,1,1,1,1,1,1,1,1,1,1,1,1,1,1,1,1
99,1,0,0,1,0,1,0,0,0,1,1,1,0,1,0,1,1,1,0,0,1,1,0,1,1,0,1,0,0,1,0,1,1,1,0,0,0,0,1,0,1,0,0,0,0,1,0,0,0,1,0,0,1,0,1,0,0,1,0,1,0,0,1,0,1,0,0,1,1,0,0,0,0,1,1,0,0,0,0,1,0,0,1,1,1,1,0,1,0,0,1,1,1,0,1,1,0,0,1,1
100,1,0,1,0,1,1,0,0,0,0,1,1,0,1,0,0,1,1,0,1,1,0,1,1,1,1,1,1,1,1,0,1,1,0,0,0,0,1,0,0,0,1,1,1,0,1,1,0,0,0,1,1,0,0,1,0,0,1,0,0,0,1,1,0,0,0,1,1,0,0,1,1,0,0,0,0,0,1,0,1,0,1,0,1,1,1,0,1,1,0,1,0,0,0,1,1,1,0,0,0
